{"width":1536,"height":864,"colorDepth":24,"pixelDepth":24,"pixelRatio":1.25,"resolution":"widescreen","aspectRatio":{"ratioWidth":16,"ratioHeight":9,"toString":"16:9"},"DeviceResolution":{"width":1920,"height":1080,"toString":"1920x1080"},"DeviceInnerResolution":{"width":1920,"height":929,"toString":"1920x929"},"Dimensions":{"inchesWidth":12.800000000000000710542735760100185871124267578125,"inchesHeight":7.20000000000000017763568394002504646778106689453125,"centimetersWidth":32.5,"centimetersHeight":18.300000000000000710542735760100185871124267578125,"toString":"12.8\" (32.5 cm)x7.2\" (18.3 cm)"},"Diagonal":{"inches":14.699999999999999289457264239899814128875732421875,"centimeters":37.2999999999999971578290569595992565155029296875,"toString":"14.7\" (37.3 cm)"},"viewport":{"width":1536,"height":743,"toString":"1536x743"}}